City_ID,City,Country,Lat,Lng,Max Temp,Humidity,Cloudiness,Wind Speed,Current Description
0,Monte Patria,CL,-30.6919,-70.9467,57.36,69,0,0.65,clear sky
1,Hermanus,ZA,-34.4187,19.2345,52.9,94,62,6.91,broken clouds
2,Ushuaia,AR,-54.8,-68.3,46.06,76,40,0.0,scattered clouds
3,Hasaki,JP,35.7333,140.8333,97.29,71,0,8.77,clear sky
4,Ponta do Sol,PT,32.6667,-17.1,74.03,82,1,3.65,clear sky
5,Tokur,RU,53.1333,132.9,52.83,99,100,2.01,moderate rain
6,New Norfolk,AU,-42.7826,147.0587,56.7,63,100,4.0,overcast clouds
7,Nouadhibou,MR,20.931,-17.0347,69.78,83,0,16.11,clear sky
8,Anadyr,RU,64.75,177.4833,72.1,53,0,29.08,light rain
9,George Town,MY,5.4112,100.3354,87.89,67,20,1.01,few clouds
10,Touros,BR,-5.1989,-35.4608,72.5,86,36,15.08,scattered clouds
11,Severo-Kuril'sk,RU,50.6789,156.125,57.29,61,84,14.29,broken clouds
12,Cabo San Lucas,MX,22.8909,-109.9124,83.61,72,88,6.69,overcast clouds
13,Zhanakorgan,KZ,43.9098,67.2495,92.05,20,50,21.68,scattered clouds
14,Punta Arenas,CL,-53.15,-70.9167,46.51,71,0,9.22,clear sky
15,Waingapu,ID,-9.6567,120.2641,86.79,55,18,18.84,few clouds
16,Mataura,NZ,-46.1927,168.8643,48.24,72,100,2.73,overcast clouds
17,San Cristobal,VE,7.7669,-72.225,75.38,97,88,4.29,overcast clouds
18,Lake Shasta,US,40.6804,-122.3708,91.56,21,0,1.25,clear sky
19,Busselton,AU,-33.65,115.3333,63.05,66,0,5.53,clear sky
20,Vaini,TO,-21.2,-175.2,73.56,68,20,8.05,few clouds
21,Albany,US,42.6001,-73.9662,64.98,84,100,1.21,overcast clouds
22,Kaitangata,NZ,-46.2817,169.8464,52.93,70,100,12.44,overcast clouds
23,Cape Town,ZA,-33.9258,18.4232,58.87,95,90,1.99,mist
24,Ouadda,CF,8.0777,22.4007,65.55,96,32,2.01,scattered clouds
25,Lacolle,CA,45.0834,-73.3659,70.9,94,35,5.79,scattered clouds
26,Marawi,PH,7.9986,124.2928,85.5,52,99,4.34,overcast clouds
27,Kahului,US,20.8947,-156.47,82.42,64,1,25.32,clear sky
28,Phek,IN,25.6667,94.5,77.77,53,43,2.08,scattered clouds
29,Airai,TL,-8.9266,125.4092,74.3,48,38,5.64,scattered clouds
30,Jamestown,US,42.097,-79.2353,67.64,74,1,1.01,clear sky
31,Port Alfred,ZA,-33.5906,26.891,63.45,87,80,8.34,light rain
32,Bilibino,RU,68.0546,166.4372,57.78,63,100,7.49,overcast clouds
33,Vila Franca do Campo,PT,37.7167,-25.4333,72.01,91,13,5.5,few clouds
34,Jardim,BR,-21.4803,-56.1381,65.19,36,100,7.0,overcast clouds
35,Matara,LK,5.9485,80.5353,82.06,77,97,13.62,overcast clouds
36,Goderich,CA,43.7501,-81.7165,63.91,88,0,2.3,clear sky
37,Puerto Ayora,EC,-0.7393,-90.3518,71.55,83,46,1.99,scattered clouds
38,Barrow,US,71.2906,-156.7887,55.42,67,1,11.5,clear sky
39,Khandyga,RU,62.6667,135.6,80.06,22,49,5.77,scattered clouds
40,Avarua,CK,-21.2078,-159.775,75.25,73,40,4.61,scattered clouds
41,Piaçabuçu,BR,-10.4056,-36.4344,70.99,85,25,9.01,scattered clouds
42,Hobart,AU,-42.8794,147.3294,57.06,67,75,8.05,broken clouds
43,Meulaboh,ID,4.1363,96.1285,83.84,65,100,2.01,overcast clouds
44,Fortuna,US,40.5982,-124.1573,56.93,73,90,1.01,overcast clouds
45,Upernavik,GL,72.7868,-56.1549,45.16,70,3,2.46,clear sky
46,Hilo,US,19.7297,-155.09,76.8,88,90,3.44,heavy intensity rain
47,Hithadhoo,MV,-0.6,73.0833,81.34,76,100,6.93,overcast clouds
48,Alibunar,RS,45.0808,20.9658,80.55,41,90,12.01,overcast clouds
49,Woodmere,US,40.6321,-73.7126,71.06,83,100,4.0,overcast clouds
50,Oranjestad,AW,12.524,-70.027,82.35,78,20,20.71,few clouds
51,Dikson,RU,73.5069,80.5464,46.85,87,24,2.37,few clouds
52,Ogembo,KE,-0.7984,34.7253,56.26,91,39,5.7,scattered clouds
53,Huilong,CN,31.8111,121.655,90.03,76,55,13.67,broken clouds
54,Wang Noi,TH,14.2269,100.7155,91.38,67,96,9.95,overcast clouds
55,Alta,NO,69.9689,23.2717,51.04,88,40,1.01,scattered clouds
56,Buraidah,SA,26.326,43.975,81.05,13,4,9.4,clear sky
57,Butaritari,KI,3.0707,172.7902,82.6,65,12,7.0,few clouds
58,Mar del Plata,AR,-38.0023,-57.5575,48.09,30,90,14.0,fog
59,Atuona,PF,-9.8,-139.0333,77.79,67,1,10.96,clear sky
60,Hong Kong,HK,22.2855,114.1577,85.32,87,99,8.99,overcast clouds
61,Longyearbyen,SJ,78.2186,15.6401,40.84,93,75,0.0,light rain
62,Sarkand,KZ,45.41,79.9186,78.64,40,64,4.05,broken clouds
63,Clyde River,CA,70.4692,-68.5914,35.83,100,90,11.5,mist
64,Tuktoyaktuk,CA,69.4541,-133.0374,60.8,48,40,12.66,scattered clouds
65,Rikitea,PF,-23.1203,-134.9692,73.18,71,8,15.84,clear sky
66,Thompson,CA,55.7435,-97.8558,50.16,76,20,2.3,few clouds
67,Port Lincoln,AU,-34.7333,135.8667,58.86,66,87,14.83,overcast clouds
68,Aljezur,PT,37.3191,-8.8033,62.44,90,6,9.8,clear sky
69,Bandarbeyla,SO,9.4942,50.8122,79.83,66,34,26.84,scattered clouds
70,Maceió,BR,-9.6658,-35.7353,69.24,100,75,9.22,mist
71,Norman Wells,CA,65.282,-126.8329,59.04,63,75,10.36,broken clouds
72,Hofn,IS,64.2539,-15.2082,52.38,87,38,1.66,scattered clouds
73,Warmbad,NA,-28.45,18.7333,48.78,55,5,2.28,clear sky
74,Saint George,US,37.1041,-113.5841,102.79,12,1,1.99,clear sky
75,Namatanai,PG,-3.6667,152.4333,84.72,71,66,5.12,light rain
76,Ribeira Grande,PT,38.5167,-28.7,72.19,89,0,6.64,clear sky
77,Beloha,MG,-25.1667,45.05,59.59,74,0,6.04,clear sky
78,Ugoofaaru,MV,5.6667,73.0,81.93,78,91,10.89,overcast clouds
79,Apache Junction,US,33.4151,-111.5496,102.79,22,0,1.99,clear sky
80,Safi,MA,32.2994,-9.2372,67.53,95,16,12.15,few clouds
81,Saskylakh,RU,71.9167,114.0833,68.67,26,18,15.05,few clouds
82,Bengkulu,ID,-3.8004,102.2655,81.99,69,96,5.95,overcast clouds
83,Naze,JP,28.3667,129.4833,85.12,89,40,23.02,scattered clouds
84,Bluff,NZ,-46.6,168.3333,47.35,71,100,4.97,overcast clouds
85,Neuquén,AR,-38.9516,-68.0591,44.49,76,15,2.3,few clouds
86,Lebu,CL,-37.6167,-73.65,52.3,81,100,19.37,overcast clouds
87,Bilma,NE,18.6853,12.9164,89.65,33,5,7.92,clear sky
88,Port-Cartier,CA,50.0334,-66.8654,52.75,76,0,1.86,clear sky
89,Zhigansk,RU,66.7697,123.3711,74.03,27,0,3.71,clear sky
90,Merauke,ID,-8.4667,140.3333,79.97,79,70,16.06,broken clouds
91,Alofi,NU,-19.0595,-169.9187,73.29,78,94,6.91,overcast clouds
92,Kurumkan,RU,54.3,110.3,72.84,50,37,2.21,scattered clouds
93,Batemans Bay,AU,-35.7167,150.1833,68.2,41,67,9.8,broken clouds
94,Itarema,BR,-2.9248,-39.9167,76.46,85,94,9.71,overcast clouds
95,Río Gallegos,AR,-51.6226,-69.2181,53.65,32,0,19.57,clear sky
96,Kapaa,US,22.0752,-159.319,84.52,67,1,4.0,clear sky
97,Souillac,MU,-20.5167,57.5167,68.38,60,40,11.5,scattered clouds
98,Lorengau,PG,-2.0226,147.2712,86.02,63,18,5.41,few clouds
99,Faanui,PF,-16.4833,-151.75,79.63,69,34,11.72,scattered clouds
100,Mahébourg,MU,-20.4081,57.7,68.29,60,40,11.5,scattered clouds
101,Mayo,US,38.8876,-76.5119,70.21,89,0,9.04,clear sky
102,Los Llanos de Aridane,ES,28.6585,-17.9182,67.75,94,0,13.8,clear sky
103,Aykhal,RU,66.0,111.5,69.22,32,8,16.58,clear sky
104,Alyangula,AU,-13.8483,136.4192,76.87,47,33,11.5,scattered clouds
105,Tonj,SS,7.2737,28.6822,68.65,94,38,2.42,scattered clouds
106,Barra do Corda,BR,-5.5,-45.25,74.5,51,53,3.36,broken clouds
107,Kununurra,AU,-15.7667,128.7333,80.58,17,95,12.66,overcast clouds
108,Port Elizabeth,ZA,-33.918,25.5701,61.09,94,75,4.61,broken clouds
109,Sydney Mines,CA,46.2367,-60.2177,63.28,95,20,1.01,few clouds
110,Carnarvon,AU,-24.8667,113.6333,73.47,31,0,16.11,clear sky
111,Yellowknife,CA,62.456,-114.3525,55.33,71,90,2.3,overcast clouds
112,Tasiilaq,GL,65.6145,-37.6368,40.35,78,99,2.28,overcast clouds
113,Arraial do Cabo,BR,-22.9661,-42.0278,66.36,77,27,5.99,scattered clouds
114,Katsuura,JP,35.1333,140.3,93.24,69,2,11.12,clear sky
115,Saint-Pierre,RE,-21.3393,55.4781,65.84,63,40,9.22,scattered clouds
116,Port Hardy,CA,50.6996,-127.4199,73.58,60,75,9.22,broken clouds
117,Srikakulam,IN,18.3,83.9,89.6,59,97,6.11,overcast clouds
118,Nanortalik,GL,60.1432,-45.2371,44.67,96,100,1.48,overcast clouds
119,Kiryat Gat,IL,31.61,34.7642,83.39,43,0,1.83,clear sky
120,Praia da Vitória,PT,38.7333,-27.0667,73.65,88,75,11.1,broken clouds
121,Emőd,HU,47.9333,20.8167,66.88,62,100,6.69,overcast clouds
122,Coquimbo,CL,-29.9533,-71.3436,55.13,87,90,3.44,overcast clouds
123,Ilulissat,GL,69.2167,-51.1,34.25,90,34,5.39,scattered clouds
124,Caravelas,BR,-17.7125,-39.2481,67.14,91,100,8.1,overcast clouds
125,Chui,UY,-33.6971,-53.4616,49.33,96,68,5.08,broken clouds
126,Sonqor,IR,34.7837,47.6004,74.21,36,88,5.08,overcast clouds
127,Caxito,AO,-8.5785,13.6643,72.25,97,4,1.28,clear sky
128,Amahai,ID,-3.3333,128.9167,81.66,77,63,8.75,broken clouds
129,Urucará,BR,-2.5364,-57.76,74.32,80,0,3.18,clear sky
130,Torbay,CA,47.6666,-52.7314,60.67,75,20,12.66,few clouds
131,Bogotol,RU,56.2078,89.5342,66.52,72,87,3.56,overcast clouds
132,Narsaq,GL,60.9167,-46.05,44.42,86,82,1.77,broken clouds
133,Creel,MX,27.75,-107.6333,58.03,75,44,4.56,scattered clouds
134,Vostok,RU,46.4856,135.8833,77.59,76,30,6.73,scattered clouds
135,Vila Velha,BR,-20.3297,-40.2925,67.95,83,40,11.5,scattered clouds
136,Mahibadhoo,MV,3.7833,72.9667,81.79,76,36,6.33,scattered clouds
137,Mt. Pleasant,US,32.7941,-79.8626,73.0,93,90,1.99,overcast clouds
138,Bǝrdǝ,AZ,40.3744,47.1267,70.88,27,2,4.59,clear sky
139,Jizan,SA,17.3333,42.6667,88.74,73,34,4.45,scattered clouds
140,Sobolevo,RU,54.4299,31.8996,56.03,97,100,8.21,moderate rain
141,Sitka,US,57.0531,-135.33,62.49,82,90,10.36,light rain
142,Half Moon Bay,US,37.4636,-122.4286,67.33,86,1,12.66,clear sky
143,Cherskiy,RU,68.75,161.3,55.83,63,97,12.41,overcast clouds
144,Ipixuna,BR,-1.7625,-48.8043,78.75,86,24,4.34,few clouds
145,Muros,ES,42.7762,-9.0603,63.68,90,22,7.09,few clouds
146,São Félix do Xingu,BR,-6.6447,-51.995,70.48,41,16,2.1,few clouds
147,Kavaratti,IN,10.5669,72.642,82.17,79,100,19.24,overcast clouds
148,Huarmey,PE,-10.0681,-78.1522,64.45,88,11,6.64,few clouds
149,Camacha,PT,33.0833,-16.3333,70.56,83,75,17.27,broken clouds
150,Bambous Virieux,MU,-20.3428,57.7575,68.25,60,40,11.5,scattered clouds
151,Elmshorn,DE,53.75,9.65,59.22,91,67,6.38,broken clouds
152,Sibolga,ID,1.7427,98.7792,85.12,61,98,4.65,overcast clouds
153,Grand Gaube,MU,-20.0064,57.6608,68.4,66,56,5.99,broken clouds
154,Bredasdorp,ZA,-34.5322,20.0403,56.52,94,43,2.3,light rain
155,Wakkanai,JP,45.4094,141.6739,84.18,70,20,16.11,few clouds
156,Isangel,VU,-19.55,169.2667,80.71,57,40,2.3,scattered clouds
157,Cândido Mendes,BR,-1.4467,-45.7167,73.58,92,92,2.3,overcast clouds
158,Matadi,CD,-5.8167,13.45,70.56,88,6,2.48,clear sky
159,Fairbanks,US,64.8378,-147.7164,82.4,46,40,8.05,scattered clouds
160,Ciudad Real,ES,39.0,-4.0,73.11,46,3,3.78,clear sky
161,Tibú,CO,8.639,-72.7358,72.39,96,54,1.25,broken clouds
162,Kampene,CD,-3.6,26.6667,70.05,62,17,1.79,few clouds
163,Saint Anthony,US,45.0205,-93.218,76.71,60,1,1.99,clear sky
164,Same,TZ,-4.0667,37.7333,63.03,89,93,2.24,overcast clouds
165,Kasongo-Lunda,CD,-6.4667,16.8167,65.75,41,0,2.1,clear sky
166,Chokurdakh,RU,70.6333,147.9167,46.8,61,100,14.36,overcast clouds
167,Wanaka,NZ,-44.7,169.15,46.11,91,99,1.01,moderate rain
168,Stuttgart,DE,48.7823,9.177,60.15,90,40,1.14,scattered clouds
169,Pisa,IT,43.7155,10.3966,71.96,79,92,5.01,overcast clouds
170,Muroto-misakicho,JP,33.2833,134.15,86.04,78,0,7.29,clear sky
171,Sistranda,NO,63.7256,8.834,55.9,74,100,6.13,overcast clouds
172,Saint Paul Harbor,US,57.79,-152.4072,62.11,72,90,4.61,overcast clouds
173,Tuatapere,NZ,-46.1333,167.6833,49.39,67,100,1.45,overcast clouds
174,Brae,GB,60.3964,-1.353,58.91,87,100,13.49,overcast clouds
175,Rapid Valley,US,44.0625,-103.1463,75.38,47,20,1.99,few clouds
176,Dali,CN,25.7,100.1833,79.16,50,16,2.01,few clouds
177,Olafsvik,IS,64.8945,-23.7142,54.1,84,95,3.76,overcast clouds
178,Abu Kamal,SY,34.4506,40.9171,93.56,22,86,14.29,overcast clouds
179,Eséka,CM,3.65,10.7667,71.56,99,99,1.86,light rain
180,Ust-Tsilma,RU,65.441,52.1498,60.67,60,96,6.64,overcast clouds
181,Qaanaaq,GL,77.484,-69.3632,40.23,69,7,5.82,clear sky
182,Praia,CV,14.9215,-23.5087,77.54,94,75,4.61,broken clouds
183,Ambon City,ID,-3.6954,128.1814,78.94,89,40,8.05,scattered clouds
184,Lagoa,PT,39.05,-27.9833,71.76,91,0,12.55,clear sky
185,Fort-Shevchenko,KZ,44.5086,50.263,84.51,55,19,8.52,few clouds
186,Lishui,CN,28.4604,119.9103,80.29,93,100,1.36,overcast clouds
187,San Patricio,US,28.017,-97.5169,84.83,75,96,6.29,overcast clouds
188,Nikolskoye,RU,59.7035,30.7861,56.79,67,35,1.41,scattered clouds
189,Nantucket,US,41.2835,-70.0995,68.14,97,100,18.57,overcast clouds
190,Yarim,YE,14.298,44.3779,60.08,66,77,3.62,broken clouds
191,Port Blair,IN,11.6667,92.75,83.84,81,100,20.87,overcast clouds
192,Thap Khlo,TH,16.16,100.5966,82.49,75,98,4.56,overcast clouds
193,Carupano,VE,10.6678,-63.2585,75.97,89,6,4.9,clear sky
194,Cayenne,GF,4.9333,-52.3333,76.08,89,0,2.3,clear sky
195,Cururupu,BR,-1.8283,-44.8683,73.81,91,53,2.71,broken clouds
196,Esperance,AU,-33.8667,121.9,60.64,62,0,6.22,clear sky
197,Olinda,BR,-8.0089,-34.8553,67.73,100,75,8.05,light intensity drizzle
198,Hamilton,US,39.1834,-84.5333,70.57,77,90,0.0,overcast clouds
199,Tommot,RU,58.9564,126.2925,71.22,64,100,5.17,overcast clouds
200,Iquique,CL,-20.2208,-70.1431,59.04,68,15,8.21,few clouds
201,Hayden,US,47.766,-116.7866,89.26,33,1,4.61,clear sky
202,Te Anau,NZ,-45.4167,167.7167,46.85,75,100,1.05,overcast clouds
203,Bethel,US,41.3712,-73.414,66.79,87,90,0.0,overcast clouds
204,Sulangan,PH,11.1373,123.7228,84.94,67,100,7.07,overcast clouds
205,Mayor Pablo Lagerenza,PY,-19.9309,-60.7718,65.14,32,98,4.14,overcast clouds
206,Kathu,TH,7.9178,98.3332,85.69,82,100,20.36,light rain
207,Provideniya,RU,64.3833,-173.3,59.11,67,75,15.66,broken clouds
208,Padang,ID,-0.9492,100.3543,86.05,67,99,4.92,overcast clouds
209,Xiongyue,CN,40.1774,122.1228,74.86,86,100,7.45,overcast clouds
210,Vanavara,RU,60.34,102.2797,77.72,36,99,7.56,overcast clouds
211,Biak,ID,-0.9131,122.8766,82.51,71,87,6.76,overcast clouds
212,Pevek,RU,69.7008,170.3133,43.18,85,70,20.51,broken clouds
213,Plyussa,RU,58.4308,29.3654,53.56,72,100,1.95,overcast clouds
214,Newala,TZ,-10.9431,39.2787,59.63,90,9,2.71,clear sky
215,Olhão,PT,37.0286,-7.8411,71.49,64,0,6.91,clear sky
216,Saldanha,ZA,-33.0117,17.9442,51.85,94,20,5.77,few clouds
217,Stupino,RU,54.9008,38.0708,56.95,67,22,3.71,few clouds
218,Pisco,PE,-13.7,-76.2167,62.65,88,90,4.61,overcast clouds
219,Outjo,NA,-20.1167,16.15,52.29,28,0,4.16,clear sky
220,Saint-Philippe,RE,-21.3585,55.7679,65.75,81,84,16.24,light rain
221,Am Timan,TD,11.0297,20.2827,73.27,91,100,1.68,light rain
222,Acapulco de Juárez,MX,16.8634,-99.8901,79.38,83,100,4.59,overcast clouds
223,Castro,BR,-24.7911,-50.0119,47.14,98,82,5.66,broken clouds
224,Mwingi,KE,-0.9344,38.0601,63.27,79,96,6.91,overcast clouds
225,Khatanga,RU,71.9667,102.5,76.23,25,58,13.49,broken clouds
226,Ostrovnoy,RU,68.0531,39.5131,48.33,90,100,22.53,overcast clouds
227,Waddān,LY,29.1614,16.139,85.15,25,0,8.01,clear sky
228,Dubbo,AU,-32.25,148.6167,57.33,58,75,17.27,broken clouds
229,Mount Gambier,AU,-37.8333,140.7667,55.31,82,75,14.97,broken clouds
230,West Plains,US,36.7281,-91.8524,71.28,84,1,0.0,clear sky
231,Ratnagiri,IN,16.9833,73.3,81.91,81,100,17.52,overcast clouds
232,Najrān,SA,17.4924,44.1277,88.45,40,93,9.93,overcast clouds
233,Hualmay,PE,-11.0964,-77.6139,63.84,86,82,7.45,broken clouds
234,Whitehorse,CA,60.7161,-135.0538,69.03,56,75,5.99,shower rain
235,Aleysk,RU,52.4926,82.7822,69.6,58,78,6.4,broken clouds
236,Kavieng,PG,-2.5744,150.7967,84.72,67,44,4.45,scattered clouds
237,Kruisfontein,ZA,-34.0033,24.7314,56.88,96,99,6.71,light rain
238,Atar,MR,20.5169,-13.0499,90.12,21,2,7.45,clear sky
239,Cidreira,BR,-30.1811,-50.2056,58.78,94,100,8.43,overcast clouds
240,Moerai,PF,-22.4333,-151.3333,74.55,73,1,10.45,clear sky
241,Novobirilyussy,RU,56.9514,90.6661,67.86,78,88,3.02,overcast clouds
242,Curuguaty,PY,-24.4694,-55.6945,56.3,63,100,3.53,overcast clouds
243,Nizwá,OM,22.9333,57.5333,94.78,30,88,3.18,overcast clouds
244,Portland,US,45.5234,-122.6762,89.64,46,40,1.01,smoke
245,Wārāseonī,IN,21.75,80.0333,76.62,91,100,6.55,overcast clouds
246,St. George's,GD,12.0564,-61.7485,80.28,83,20,4.61,few clouds
247,La Santisima Trinidad,BO,-14.8333,-64.9,67.89,50,42,4.29,scattered clouds
248,Pedasí,PA,7.5333,-80.0333,79.81,81,100,3.36,overcast clouds
249,Havre-St-Pierre,CA,50.2334,-63.5986,52.39,93,1,8.05,clear sky
250,Ibrā’,OM,22.6906,58.5334,95.11,31,45,2.24,scattered clouds
251,São Filipe,CV,14.8961,-24.4956,76.98,88,100,1.28,overcast clouds
252,Nelson Bay,AU,-32.7167,152.15,71.29,49,2,4.0,clear sky
253,Kenai,US,60.5544,-151.2583,61.14,90,20,0.0,few clouds
254,Praia,CV,14.9215,-23.5087,77.54,94,75,4.61,broken clouds
255,Eyl,SO,7.9803,49.8164,79.59,66,14,24.61,few clouds
256,Mackay,AU,-21.15,149.2,73.04,37,5,16.11,clear sky
257,Ottawa,CA,45.4112,-75.6981,72.23,79,1,5.75,clear sky
258,Talnakh,RU,69.4865,88.3972,79.47,40,5,3.78,clear sky
259,Kasongo,CD,-4.45,26.6667,72.86,50,17,2.39,few clouds
260,Nara,JP,34.6851,135.8049,97.92,38,0,5.53,clear sky
261,Pānchgani,IN,17.9167,73.8167,64.87,94,100,9.06,overcast clouds
262,Pangai,TO,-19.8,-174.35,75.31,53,20,5.75,few clouds
263,Lompoc,US,34.6391,-120.4579,67.1,83,75,9.22,mist
264,Aloleng,PH,16.1307,119.7824,83.7,83,92,24.16,light rain
265,Chukhloma,RU,58.7525,42.6825,57.02,62,33,2.33,scattered clouds
266,Derzhavīnsk,KZ,51.1,66.3167,79.95,35,15,6.26,few clouds
267,Klaksvík,FO,62.2266,-6.589,54.52,99,100,6.53,overcast clouds
268,Vestmannaeyjar,IS,63.4427,-20.2734,55.27,85,93,9.4,overcast clouds
269,Orlik,RU,52.5178,99.825,70.68,46,93,1.7,overcast clouds
270,Danao,PH,10.5208,124.0272,91.45,56,100,11.16,overcast clouds
271,Makakilo City,US,21.3469,-158.0858,80.92,68,75,9.22,broken clouds
272,Malakal,SS,9.5334,31.6605,72.57,91,87,1.97,overcast clouds
273,Jucuarán,SV,13.2539,-88.2478,66.79,100,100,2.75,moderate rain
274,Zhezkazgan,KZ,47.8043,67.7144,84.49,31,5,6.51,clear sky
275,Dalhousie,IN,32.5333,75.9833,67.66,75,4,4.36,clear sky
276,Mareeba,AU,-17.0,145.4333,77.43,34,55,6.44,broken clouds
277,Ferme-Neuve,CA,46.7001,-75.4493,65.55,73,89,3.56,overcast clouds
278,Riyadh,SA,24.6877,46.7219,84.34,11,4,8.14,clear sky
279,Benguela,AO,-12.5763,13.4055,68.25,88,8,1.61,clear sky
280,Miandrivazo,MG,-19.5167,45.4667,72.34,56,54,3.58,broken clouds
281,Sweetwater,US,25.7634,-80.3731,84.02,84,100,5.93,overcast clouds
282,Klyuchevsk,RU,57.1216,60.9414,71.53,73,87,3.27,overcast clouds
283,Cap Malheureux,MU,-19.9842,57.6142,68.49,66,48,5.99,scattered clouds
284,Ayan,RU,56.45,138.1667,56.55,88,93,4.41,overcast clouds
285,Khani,GE,41.9563,42.9566,65.77,74,0,1.03,clear sky
286,East London,ZA,-33.0153,27.9116,64.96,88,93,7.2,overcast clouds
287,Düzce,TR,40.8389,31.1639,75.81,49,0,2.73,clear sky
288,Geraldton,AU,-28.7667,114.6,64.81,55,0,11.5,clear sky
289,Minakuchichō-matoba,JP,34.9667,136.1667,96.66,48,0,1.92,clear sky
290,Tynset,NO,62.2759,10.7824,38.82,98,84,4.79,broken clouds
291,Sherman,US,33.6357,-96.6089,82.42,74,1,8.05,clear sky
292,Ghanzi,BW,-21.5667,21.7833,53.51,39,0,9.1,clear sky
293,Aswān,EG,24.0934,32.907,88.9,37,0,8.05,clear sky
294,Deputatsky,RU,69.3,139.9,47.61,59,97,15.28,overcast clouds
295,Necochea,AR,-38.5473,-58.7368,47.03,75,0,11.34,clear sky
296,Hobyo,SO,5.3505,48.5268,77.0,83,100,22.95,overcast clouds
297,Hambantota,LK,6.1241,81.1185,86.34,74,40,18.41,scattered clouds
298,Zeya,RU,53.75,127.2667,57.81,98,100,4.27,light rain
299,Aliwal North,ZA,-30.6937,26.7114,46.08,54,5,3.98,clear sky
300,Prome,MM,18.8167,95.2167,77.36,95,100,10.38,overcast clouds
301,Krasnogorsk,RU,55.8225,37.3181,60.96,82,0,2.24,clear sky
302,Usinsk,RU,65.9939,57.5281,66.54,70,92,7.05,overcast clouds
303,Taoudenni,ML,22.6783,-3.9836,97.25,10,27,10.11,scattered clouds
304,Ranong,TH,9.9658,98.6348,85.93,84,100,14.67,overcast clouds
305,Neiafu,TO,-18.65,-173.9833,75.88,73,75,2.3,light rain
306,Gorontalo,ID,0.5412,123.0595,88.47,63,93,8.81,overcast clouds
307,Coahuayana Viejo,MX,18.7333,-103.6833,79.09,88,100,2.86,overcast clouds
308,Laguna,US,38.421,-121.4238,86.5,50,1,5.01,clear sky
309,Valparaíso,CL,-33.0393,-71.6273,54.52,83,90,4.61,overcast clouds
310,Buta,CD,2.7858,24.73,67.87,93,53,2.33,broken clouds
311,Bambanglipuro,ID,-7.95,110.2833,84.85,67,21,8.1,few clouds
312,Baykit,RU,61.67,96.37,81.01,36,74,5.64,broken clouds
313,Margate,GB,51.3813,1.3862,58.03,90,26,6.69,scattered clouds
314,Poum,NC,-20.2333,164.0167,70.81,72,100,3.06,overcast clouds
315,Tcholliré,CM,8.4022,14.1698,69.04,95,86,2.82,overcast clouds
316,Xinzhou,CN,38.4092,112.7333,87.1,31,34,4.61,scattered clouds
317,Chongwe,ZM,-15.3292,28.682,49.46,51,0,3.78,clear sky
318,College,US,64.8569,-147.8028,82.38,46,40,8.05,scattered clouds
319,Menongue,AO,-14.6585,17.691,49.53,39,0,4.52,clear sky
320,Anloga,GH,5.7947,0.8973,77.22,89,90,11.65,light rain
321,Inta,RU,66.0317,60.1659,64.62,92,84,5.41,broken clouds
322,Ixtapa,MX,20.7,-105.2,78.22,97,100,2.39,overcast clouds
323,Ondjiva,AO,-17.0667,15.7333,55.38,37,0,5.21,clear sky
324,Gombong,ID,-7.6072,109.5142,89.83,67,34,4.27,scattered clouds
325,Angoche,MZ,-16.2325,39.9086,68.47,84,0,3.06,clear sky
326,Okato,NZ,-39.2,173.8833,57.42,77,6,10.4,clear sky
327,Nānākuli,US,21.3906,-158.1547,82.35,69,75,9.22,broken clouds
328,Zaranj,AF,30.9667,61.8833,91.36,13,0,32.12,clear sky
329,Adrar,MR,20.5022,-10.0711,87.06,17,6,13.71,clear sky
330,Yulara,AU,-25.2406,130.9889,60.64,31,0,12.66,clear sky
331,Jalu,LY,29.0331,21.5482,82.65,34,0,8.21,clear sky
332,Āsosa,ET,10.0667,34.5333,59.76,81,95,4.34,overcast clouds
333,Aripuanã,BR,-9.1667,-60.6333,70.47,50,4,2.55,clear sky
334,Kemijärvi,FI,66.7131,27.4306,50.77,72,86,2.98,overcast clouds
335,Chanika,TZ,-5.4167,38.0167,60.21,98,47,1.92,scattered clouds
336,Santa Cruz de la Sierra,BO,-17.8,-63.1667,63.86,48,75,6.91,broken clouds
337,Koungou,YT,-12.7336,45.2042,69.51,94,0,5.75,clear sky
338,Korem,ET,12.5058,39.5228,57.83,78,100,3.87,overcast clouds
339,Paita,PE,-5.0892,-81.1144,64.99,84,0,11.12,clear sky
340,Simpang,ID,-1.2667,104.0833,85.59,64,100,5.41,overcast clouds
341,Leningradskiy,RU,69.3833,178.4167,43.09,86,100,5.77,overcast clouds
342,Taltal,CL,-25.4,-70.4833,56.68,76,2,3.42,clear sky
343,Lüderitz,NA,-26.6481,15.1594,55.33,79,43,3.65,scattered clouds
344,Hirado,JP,33.3597,129.5531,92.39,70,9,4.34,clear sky
345,Saint-Augustin,CA,51.226,-58.6502,58.44,69,0,7.29,clear sky
346,Stroud,GB,51.75,-2.2,57.85,82,93,6.04,overcast clouds
347,Balkhash,KZ,46.844,74.9804,81.21,29,0,15.66,clear sky
348,Gladstone,AU,-23.85,151.25,72.79,26,2,6.91,clear sky
349,Kazachinskoye,RU,57.6953,93.2761,72.5,69,99,2.13,overcast clouds
350,Babol,IR,36.5513,52.679,75.27,44,23,1.21,few clouds
351,Havøysund,NO,70.9963,24.6622,49.08,97,100,8.08,overcast clouds
352,Okha,RU,53.5739,142.9478,57.51,79,100,15.7,overcast clouds
353,Palmer,US,42.1584,-72.3287,66.99,79,90,0.0,overcast clouds
354,Buenos Aires,AR,-34.6132,-58.3772,51.94,93,20,5.75,few clouds
355,Kaeo,NZ,-35.1,173.7833,58.32,91,99,10.38,overcast clouds
356,Gisborne,NZ,-38.6533,178.0042,55.94,87,100,2.42,light rain
357,Finnsnes,NO,69.2296,17.9811,52.41,95,100,5.23,light rain
358,Ketchikan,US,55.3422,-131.6461,61.27,94,90,12.66,mist
359,Lunéville,FR,48.6,6.5,61.38,95,73,4.52,broken clouds
360,Poshekhon'ye,RU,58.4993,39.1353,59.0,68,100,2.21,light rain
361,Ancud,CL,-41.8697,-73.8203,50.23,88,100,21.52,overcast clouds
362,Pangnirtung,CA,66.1451,-65.7125,42.17,98,100,3.24,light rain
363,Vetlanda,SE,57.4289,15.0776,47.53,89,9,1.74,clear sky
364,Lázaro Cárdenas,MX,17.9583,-102.2,79.09,89,100,5.1,overcast clouds
365,San Matías,BO,-16.3667,-58.4,67.91,41,38,5.03,scattered clouds
366,Kholodnyy,RU,62.7167,147.95,50.99,51,84,15.5,broken clouds
367,Ahipara,NZ,-35.1667,173.1667,58.3,79,94,12.95,overcast clouds
368,Buin,CL,-33.7333,-70.75,58.05,70,1,0.4,clear sky
369,Kristinestad,FI,62.2743,21.376,53.31,76,9,7.4,clear sky
370,Chandler,US,33.3062,-111.8412,105.35,21,1,6.91,clear sky
371,Yuci,CN,37.6803,112.7319,87.55,33,0,6.71,clear sky
372,Faya,SA,18.3851,42.4509,62.71,65,77,2.89,broken clouds
373,Lavrentiya,RU,65.5833,-171.0,57.2,82,36,10.69,scattered clouds
374,Bikin,RU,46.8161,134.26,90.41,45,57,3.18,broken clouds
375,Graneros,CL,-34.0667,-70.7333,47.39,53,1,1.99,clear sky
376,Leh,IN,34.1667,77.5833,63.05,46,11,5.41,few clouds
377,Dunedin,NZ,-45.8742,170.5036,49.8,71,100,18.01,light rain
378,North Bend,US,43.4065,-124.2243,60.93,97,90,6.91,mist
379,Aklavik,CA,68.2191,-135.0107,68.83,42,29,9.1,scattered clouds
380,Codrington,AU,-38.2667,141.9667,55.71,80,100,15.61,overcast clouds
381,Beira,MZ,-19.8436,34.8389,64.49,94,20,0.0,few clouds
382,Kon Tum,VN,14.35,108.0,74.79,95,100,7.18,overcast clouds
383,Aginskoye,RU,51.1,114.53,74.82,45,47,11.77,scattered clouds
384,Launceston,AU,-41.45,147.1667,56.84,67,75,4.0,broken clouds
385,Lufilufi,WS,-13.8745,-171.5986,85.78,76,84,12.01,broken clouds
386,Constitución,CL,-35.3333,-72.4167,51.64,86,99,9.93,overcast clouds
387,Suba,PH,10.8438,121.0102,84.02,80,35,19.69,scattered clouds
388,Pringsewu,ID,-5.3582,104.9744,89.8,50,87,2.91,overcast clouds
389,Susanville,US,40.4163,-120.653,82.24,16,1,5.75,clear sky
390,Dmitriyevskaya,RU,45.6564,40.7653,75.76,73,17,5.53,few clouds
391,Vestmanna,FO,62.1564,-7.1664,52.72,100,90,2.3,overcast clouds
392,Mossamedes,AO,-15.1961,12.1522,68.67,63,8,4.97,clear sky
393,Pemangkat,ID,1.1667,108.9667,86.22,62,99,7.43,overcast clouds
394,Black River,JM,18.0264,-77.8487,82.4,81,5,2.93,clear sky
395,Luba,GQ,3.4568,8.5547,76.89,85,31,7.99,scattered clouds
396,Khedbrahma,IN,24.0333,73.05,82.76,70,97,11.21,overcast clouds
397,Porto Belo,BR,-27.1578,-48.5531,66.16,91,100,7.58,overcast clouds
398,Yangi Marg`ilon,UZ,40.4272,71.7189,81.82,38,0,6.91,clear sky
399,Nchelenge,ZM,-9.3451,28.734,60.6,50,29,6.82,scattered clouds
400,Port Macquarie,AU,-31.4333,152.9167,68.9,40,2,13.2,clear sky
401,Broome,US,42.2506,-75.833,63.57,81,6,2.37,clear sky
402,Sambava,MG,-14.2667,50.1667,67.24,80,4,8.03,clear sky
403,Thomaston,US,32.8882,-84.3266,75.04,79,1,1.01,clear sky
404,Rawson,AR,-43.3002,-65.1023,62.24,33,29,32.99,scattered clouds
405,Ust'-Kut,RU,56.7938,105.7672,71.24,58,80,10.18,light rain
406,Paamiut,GL,61.994,-49.6678,44.11,95,100,4.52,overcast clouds
407,São João da Barra,BR,-21.6403,-41.0511,62.94,89,17,10.83,few clouds
408,Sajanan,TN,37.0573,9.2426,75.47,85,86,5.28,overcast clouds
409,Santoña,ES,43.4439,-3.4576,63.59,91,82,4.56,broken clouds
410,Bonfim,BR,3.0833,-59.95,72.36,93,23,2.95,few clouds
411,Kargasok,RU,59.0556,80.8572,70.95,60,98,9.01,overcast clouds
412,Rockport,US,28.0206,-97.0544,84.99,86,1,3.0,clear sky
413,Santiago del Estero,AR,-27.7951,-64.2615,56.39,38,6,7.63,clear sky
414,Soria,ES,41.6667,-2.6667,53.85,83,4,2.35,clear sky
415,Vitry-le-François,FR,48.7333,4.5833,61.66,97,73,3.98,moderate rain
416,Karpathos,GR,35.507,27.2132,81.81,67,0,17.67,clear sky
417,Mangan,IN,27.5167,88.5333,86.25,61,100,4.16,overcast clouds
418,Scottsbluff,US,41.8666,-103.6672,71.82,52,18,1.01,few clouds
419,Pachino,IT,36.7186,15.0907,84.6,65,0,10.54,clear sky
420,Salta,AR,-24.7859,-65.4117,52.39,58,0,1.99,clear sky
421,Rome,US,43.2128,-75.4557,65.88,86,3,1.01,clear sky
422,Berdigestyakh,RU,62.0989,126.6992,82.13,25,98,4.5,overcast clouds
423,Gatton,AU,-27.55,152.2833,67.33,35,0,14.03,clear sky
424,Bathsheba,BB,13.2167,-59.5167,79.41,78,20,8.05,few clouds
425,Biloela,AU,-24.4167,150.5,68.49,26,5,16.33,clear sky
426,Channel-Port aux Basques,CA,47.5702,-59.1367,56.98,75,77,3.51,broken clouds
427,Koumac,NC,-20.5667,164.2833,71.8,67,98,3.96,overcast clouds
428,Srīvardhan,IN,18.0333,73.0167,81.64,83,92,16.49,overcast clouds
429,Tiznit Province,MA,29.5833,-9.5,67.82,73,0,1.3,clear sky
430,Açucena,BR,-19.0731,-42.5464,55.92,75,99,1.21,overcast clouds
431,Altamira,BR,-3.2033,-52.2064,73.87,59,31,2.59,scattered clouds
432,Denpasar,ID,-8.65,115.2167,83.86,79,40,14.97,scattered clouds
433,Mahanoro,MG,-19.9,48.8,65.61,84,91,4.14,light rain
434,Edmond,US,35.6528,-97.4781,78.84,68,95,1.99,overcast clouds
435,Aligoodarz,IR,33.4006,49.6949,71.67,34,59,6.51,broken clouds
436,Bonthe,SL,7.5264,-12.505,75.76,90,100,6.4,moderate rain
437,Yangambi,CD,0.8102,24.4336,70.59,87,34,2.62,scattered clouds
438,Kendari,ID,-3.945,122.4989,82.13,77,64,5.64,broken clouds
439,Flin Flon,CA,54.7682,-101.865,60.26,43,26,5.97,scattered clouds
440,Stokmarknes,NO,68.5646,14.9108,53.49,96,100,8.1,overcast clouds
441,Mandalgovi,MN,45.7625,106.2708,70.86,36,0,9.93,clear sky
442,Berlevåg,NO,70.8578,29.0864,46.4,89,100,18.72,overcast clouds
443,Coyhaique,CL,-45.5752,-72.0662,30.15,93,100,1.14,mist
444,Ereymentau,KZ,51.6199,73.1033,71.44,47,45,8.23,scattered clouds
445,Kiunga,PG,-6.1219,141.2906,79.74,92,83,1.95,broken clouds
446,Hannibal,US,39.7084,-91.3585,72.55,85,80,5.7,broken clouds
447,Kultuk,RU,51.7208,103.6956,78.03,49,28,1.41,scattered clouds
448,Fallon,US,39.4735,-118.7774,91.45,14,40,5.75,haze
449,Talara,PE,-4.5772,-81.2719,65.26,87,0,13.56,clear sky
450,Samokov,BG,42.3333,23.55,66.02,47,0,6.17,clear sky
451,Ulaanbaatar,MN,47.9077,106.8832,66.33,59,53,4.47,smoke
452,Xaçmaz,AZ,41.4635,48.806,87.84,28,18,1.5,few clouds
453,Kasane,BW,-17.8167,25.15,42.89,70,0,1.14,clear sky
454,Alta Floresta,BR,-9.8756,-56.0861,69.94,45,4,3.87,clear sky
455,Ébolowa,CM,2.9,11.15,68.5,97,100,3.15,light rain
456,Topolobampo,MX,25.6,-109.05,85.05,68,53,5.26,broken clouds
457,Hongjiang,CN,27.11,109.9956,93.74,51,36,8.86,scattered clouds
458,Mehamn,NO,71.0357,27.8492,48.38,87,40,13.8,scattered clouds
459,Hereford,GB,52.0568,-2.7148,58.08,68,80,5.7,broken clouds
460,Mocuba,MZ,-16.8392,36.9856,59.29,89,0,2.68,clear sky
461,Bodden Town,KY,19.2833,-81.25,82.99,83,20,1.99,few clouds
462,Kongolo,CD,-5.3833,27.0,74.84,46,47,3.27,scattered clouds
463,Altea,ES,38.5989,-0.0514,77.67,80,0,4.18,clear sky
464,Leshukonskoye,RU,64.8989,45.7622,51.42,74,98,8.21,overcast clouds
465,Pierre,US,44.3683,-100.351,74.86,64,83,1.99,broken clouds
466,Reconquista,AR,-29.15,-59.65,51.67,83,86,7.29,overcast clouds
467,Tautira,PF,-17.7333,-149.15,78.82,74,6,11.79,clear sky
468,Sémbé,CG,1.6481,14.5806,73.35,73,96,2.98,overcast clouds
469,Bowen,AU,-20.0167,148.2333,70.02,31,8,11.92,clear sky
470,Nome,US,64.5011,-165.4064,67.15,74,23,7.67,few clouds
471,Tacoronte,ES,28.4769,-16.4102,68.45,69,90,15.01,overcast clouds
472,Along,IN,28.1667,94.7667,92.16,54,31,2.13,scattered clouds
473,Igrim,RU,63.1906,64.4162,72.28,58,69,7.94,broken clouds
474,Mizdah,LY,31.4451,12.9801,78.64,31,0,6.67,clear sky
475,Souris,CA,49.6172,-100.2612,67.86,81,3,10.4,clear sky
476,Dawson Creek,CA,55.7666,-120.2362,78.44,41,1,5.75,clear sky
477,Arman',RU,59.7,150.1667,58.39,48,80,4.27,broken clouds
478,Payo,ID,-3.7508,103.6372,84.43,64,98,1.77,overcast clouds
479,Llanes,ES,43.4198,-4.7549,62.87,79,76,1.77,broken clouds
480,Santa Cruz del Sur,CU,20.7147,-77.9956,78.55,79,59,1.07,light rain
481,Yerbogachën,RU,61.2767,108.0108,60.21,93,100,9.24,moderate rain
482,Aleksandrovskiy Zavod,RU,50.9237,117.9374,58.33,92,100,6.29,overcast clouds
483,Salinas,US,36.6777,-121.6555,67.57,83,23,5.17,few clouds
484,Chadiza,ZM,-14.0678,32.4392,49.93,67,0,2.26,clear sky
485,Gushikawa,JP,26.3544,127.8686,81.63,94,75,9.22,moderate rain
486,Galesong,ID,-5.3166,119.3661,89.62,61,78,5.19,broken clouds
487,Candelaria,PH,13.9311,121.4233,86.4,54,90,8.48,overcast clouds
488,Culpeper,US,38.5004,-77.9664,66.79,86,1,0.0,clear sky
489,Presidencia Roque Sáenz Peña,AR,-26.7852,-60.4388,50.92,72,14,3.58,few clouds
490,Road Town,VG,18.4167,-64.6167,83.19,78,52,17.78,broken clouds
491,Salalah,OM,17.0151,54.0924,75.18,94,100,3.71,overcast clouds
492,Tadine,NC,-21.55,167.8833,73.27,64,86,11.21,overcast clouds
493,Jiuquan,CN,39.7432,98.5174,88.97,10,66,15.93,broken clouds
494,Tucumã,BR,-0.1833,-50.05,76.12,90,80,3.89,broken clouds
495,Moussoro,TD,13.6408,16.4901,83.08,66,100,8.28,overcast clouds
496,Turmalina,BR,-17.2856,-42.73,55.53,94,99,3.24,overcast clouds
497,Vangaindrano,MG,-23.35,47.6,63.28,82,58,1.72,broken clouds
498,Oodweyne,SO,9.4092,45.064,70.9,54,4,18.3,clear sky
499,Moree,AU,-29.4667,149.85,55.42,67,90,14.97,overcast clouds
500,Novomalorossiyskaya,RU,45.6348,39.8948,75.61,68,32,8.08,scattered clouds
501,Mandurah,AU,-32.55,115.7,67.14,58,0,6.17,clear sky
502,Harper,LR,4.375,-7.7169,75.67,85,100,10.31,light rain
503,Newport,GB,51.5877,-2.9984,60.82,88,84,9.71,broken clouds
504,Tshela,CD,-4.9833,12.9333,66.33,98,1,0.51,clear sky
505,Yar-Sale,RU,66.8333,70.8333,69.76,54,88,4.18,overcast clouds
506,Ambilobe,MG,-13.2,49.05,65.43,75,5,3.22,clear sky
507,Zyryanskoye,RU,56.8306,86.6258,65.48,83,93,4.05,overcast clouds
508,Laplace,US,30.0666,-90.4801,83.98,82,1,0.0,clear sky
509,Mantamádos,GR,39.3117,26.3339,80.13,42,0,2.62,clear sky
510,Helong,CN,42.5397,128.9972,88.66,42,93,4.99,overcast clouds
511,Navrongo,GH,10.8956,-1.0921,74.66,89,86,5.21,light rain
512,Tiksi,RU,71.6872,128.8694,45.57,78,3,11.99,clear sky
513,Samarai,PG,-10.6167,150.6667,78.51,73,98,15.43,overcast clouds
514,Marsh Harbour,BS,26.5412,-77.0636,82.35,72,98,8.55,overcast clouds
515,Belém de São Francisco,BR,-8.7539,-38.9658,67.39,71,22,15.84,few clouds
516,Tagusao,PH,9.1924,117.8141,88.2,67,29,17.67,scattered clouds
517,Porto Walter,BR,-8.2686,-72.7439,67.6,61,4,1.99,clear sky
518,Jaqué,PA,7.5175,-78.1703,78.71,85,90,1.74,overcast clouds
519,Manacapuru,BR,-3.2997,-60.6206,77.58,89,47,6.64,moderate rain
520,São Gabriel da Cachoeira,BR,-0.1303,-67.0892,71.19,93,98,1.3,overcast clouds
521,Atambua,ID,-9.1061,124.8925,84.81,49,18,4.05,few clouds
522,La Grande,US,45.3246,-118.0877,82.98,43,0,3.36,clear sky
523,Auki,SB,-8.7676,160.7034,82.09,71,46,4.43,scattered clouds
524,Forsytheganj,BY,52.6333,29.7333,59.16,94,94,4.25,overcast clouds
525,Rio Pardo de Minas,BR,-15.6097,-42.5397,57.97,89,100,6.04,overcast clouds
526,Benjamín Aceval,PY,-24.9667,-57.5667,62.74,56,100,5.19,overcast clouds
527,Ukiah,US,39.1502,-123.2078,61.36,83,0,4.79,clear sky
528,Dutlwe,BW,-23.9833,23.9,50.43,45,1,10.6,clear sky
529,Mabaruma,GY,8.2,-59.7833,73.15,94,5,0.6,clear sky
530,Rørvik,NO,64.8621,11.2373,54.14,81,99,9.57,overcast clouds
531,Port-Gentil,GA,-0.7193,8.7815,76.77,78,94,14.27,overcast clouds
532,Rabo de Peixe,PT,37.8,-25.5833,71.11,78,75,5.75,broken clouds
533,Cortez,US,37.3489,-108.5859,78.51,30,0,11.3,clear sky
534,Kimaya,PH,8.5647,124.8397,87.12,58,100,4.14,overcast clouds
535,Hokitika,NZ,-42.7167,170.9667,50.43,84,100,6.8,overcast clouds
536,Maniitsoq,GL,65.4167,-52.9,45.64,93,100,13.31,overcast clouds
537,Krasnoarmeysk,RU,51.0239,45.6969,69.3,53,47,6.26,scattered clouds
538,Tateyama,JP,34.9833,139.8667,91.42,68,2,6.04,clear sky
539,Saint-Joseph,RE,-21.3667,55.6167,64.76,77,46,15.84,light rain
540,Ponta Delgada,PT,37.7333,-25.6667,72.32,78,75,5.75,broken clouds
541,Chapais,CA,49.7834,-74.8492,58.78,73,0,5.37,clear sky
542,Kutum,SD,14.2,24.6667,74.1,69,99,5.95,overcast clouds
543,Verkhnevilyuysk,RU,63.4453,120.3167,82.54,29,9,4.81,clear sky
544,Tupi Paulista,BR,-21.3811,-51.5706,58.14,61,99,12.17,overcast clouds
545,Fevik,NO,58.3794,8.6766,50.63,83,84,3.8,broken clouds
546,Ulladulla,AU,-35.35,150.4667,66.87,48,90,10.6,overcast clouds
547,Popondetta,PG,-8.7537,148.2534,79.48,89,98,2.57,overcast clouds
548,Opuwo,NA,-18.0607,13.84,55.71,43,4,2.3,clear sky
549,Camaná,PE,-16.6228,-72.7111,62.91,83,37,6.33,scattered clouds
550,Dessie,ET,11.1333,39.6333,49.98,93,100,4.81,heavy intensity rain
551,Red Deer,CA,52.2668,-113.802,69.19,64,1,6.91,clear sky
552,Kumul,CN,42.8,93.45,97.21,7,86,9.51,overcast clouds
553,Bhojudih,IN,23.6333,86.45,87.49,62,100,5.73,overcast clouds
554,Nizhniy Kuranakh,RU,58.8353,125.4869,68.04,70,100,6.69,overcast clouds
555,Yinchuan,CN,38.4681,106.2731,87.22,18,0,4.32,light rain
556,Maba,CN,24.6841,113.5984,88.0,76,88,4.43,overcast clouds
557,Guerrero Negro,MX,27.9769,-114.0611,71.69,81,4,10.96,clear sky
558,Shubarkuduk,KZ,49.1447,56.4872,90.55,21,68,10.42,broken clouds
559,Stephenville,US,32.2207,-98.2023,77.95,69,1,5.75,clear sky
560,Columbia,US,34.0007,-81.0348,73.04,86,75,1.01,broken clouds
561,La Ronge,CA,55.1001,-105.2842,61.02,88,90,0.0,smoke
562,Greiz,DE,50.65,12.2,61.61,89,100,1.86,overcast clouds
563,Alnāvar,IN,15.4333,74.7333,74.3,93,100,10.63,overcast clouds
564,Vágur,FO,61.4732,-6.8119,52.7,95,99,9.44,overcast clouds
565,Great Falls,US,47.5002,-111.3008,76.41,41,20,5.01,few clouds
566,Muri,IN,23.3667,85.8667,85.23,77,100,2.15,overcast clouds
567,Yendi,GH,9.4427,-0.0099,73.06,91,80,6.69,broken clouds
568,Madang,PG,-5.2246,145.7966,86.29,61,19,6.29,few clouds
569,Pascagoula,US,30.3658,-88.5561,80.24,86,100,6.24,overcast clouds
570,Agüimes,ES,27.9054,-15.4461,68.63,73,40,23.02,scattered clouds
571,Solnechnyy,RU,50.7214,136.6319,63.7,80,98,2.26,overcast clouds
572,Darlawn,IN,24.0167,92.9,84.94,58,29,1.03,scattered clouds
573,Kolosovka,RU,56.4678,73.611,68.76,65,26,5.59,scattered clouds
574,Salinópolis,BR,-0.6136,-47.3561,79.09,81,93,9.86,overcast clouds
575,San Policarpo,PH,12.1791,125.5072,89.96,61,97,10.98,overcast clouds
576,Kurchum,KZ,48.5722,83.6542,79.43,31,25,8.9,scattered clouds
577,Ekhabi,RU,53.5102,142.9671,57.67,79,100,15.73,overcast clouds
578,Evensk,RU,61.95,159.2333,55.96,48,99,13.15,overcast clouds
579,Sinnamary,GF,5.3833,-52.95,77.72,83,72,5.93,broken clouds
580,Nuuk,GL,64.1835,-51.7216,45.88,93,73,11.01,broken clouds
581,Tiruvallur,IN,13.15,79.9167,90.34,47,92,17.65,overcast clouds
582,Tabou,CI,4.423,-7.3528,75.24,87,100,9.24,light rain
583,Mulegé,MX,26.8833,-111.9833,87.98,63,19,7.81,few clouds
584,Koszalin,PL,54.1944,16.1722,57.67,89,0,6.35,clear sky
585,Nacala,MZ,-14.5428,40.6728,65.1,95,3,5.73,clear sky
586,Emerald,AU,-23.5333,148.1667,69.35,28,21,11.5,few clouds
587,Igarka,RU,67.4667,86.5833,74.86,48,5,5.08,clear sky
588,Nemuro,JP,43.3236,145.575,90.03,93,91,9.08,overcast clouds
589,Lata,PT,40.1629,-8.3327,64.04,97,16,2.48,few clouds
590,Charleston,US,32.7766,-79.9309,73.02,93,1,1.99,clear sky
591,Legnica,PL,51.2101,16.1619,62.04,86,100,4.32,overcast clouds
592,Gari,RU,59.4307,62.3497,70.7,80,26,5.55,scattered clouds
593,Borovichi,RU,58.3878,33.9155,55.81,71,85,1.88,overcast clouds
594,Allāpalli,IN,19.4167,80.0667,81.7,84,100,7.23,light rain
595,Westport,US,41.1415,-73.3579,68.99,89,90,5.01,overcast clouds
596,Dingle,PH,10.9995,122.6711,89.35,60,83,18.32,light rain
597,Winnemucca,US,40.973,-117.7357,87.85,11,1,6.91,clear sky
598,Pacifica,US,37.6138,-122.4869,66.25,92,75,1.01,broken clouds
599,Iralaya,HN,15.0,-83.2333,78.89,87,57,10.25,broken clouds
600,Inírida,CO,3.8653,-67.9239,69.22,99,100,2.06,overcast clouds
601,Hervey Bay,AU,-25.2986,152.8535,72.03,43,6,5.01,clear sky
602,Yukhnov,RU,54.7444,35.2297,61.56,77,100,4.14,light rain
603,Nizhniy Tsasuchey,RU,50.5167,115.1333,75.42,44,100,12.37,overcast clouds
604,Gornopravdinsk,RU,60.05,69.9,71.53,58,47,1.72,scattered clouds
605,Jolalpan,MX,18.325,-98.8417,71.01,97,100,3.36,overcast clouds
606,Vyazemskiy,RU,47.5378,134.7525,89.35,43,47,5.03,scattered clouds
607,Barcelona,ES,41.3888,2.159,72.81,85,20,5.75,few clouds
608,Cascais,PT,38.6979,-9.4215,66.47,76,1,7.0,clear sky
609,Gurlan,UZ,41.8447,60.3919,84.11,16,80,13.42,broken clouds
610,Avera,US,33.194,-82.5271,75.07,77,9,4.54,clear sky
611,Naliya,IN,23.2667,68.8333,82.11,76,100,15.97,overcast clouds
612,Natal,BR,-5.795,-35.2094,73.62,83,40,10.36,scattered clouds
613,Innisfail,AU,-17.5333,146.0333,79.88,52,27,12.21,scattered clouds
614,Anda,CN,46.4,125.3167,81.88,62,78,16.33,broken clouds
615,Arrondissement de Saint-Omer,FR,50.75,2.1667,58.44,76,100,2.15,overcast clouds
616,Richmond Hill,CA,43.8711,-79.4372,69.85,82,0,1.95,clear sky
617,Virginia Beach,US,36.8529,-75.978,72.0,86,100,1.99,overcast clouds
618,Saquarema,BR,-22.92,-42.5103,63.28,80,23,1.36,few clouds
619,Santo Antônio do Içá,BR,-3.1022,-67.9397,73.53,72,68,1.5,broken clouds
620,Puerto Cabezas,NI,14.0351,-83.3888,77.4,91,99,7.47,overcast clouds
621,Chitral,PK,35.8462,71.7858,81.01,27,0,1.1,clear sky
622,Dakar,SN,14.6937,-17.4441,82.53,83,40,6.91,scattered clouds
623,Husavik,IS,66.0449,-17.3389,51.71,90,88,4.45,overcast clouds
624,Siocon,PH,7.7061,122.1353,86.92,68,78,5.73,broken clouds
625,Sisimiut,GL,66.9395,-53.6735,47.86,82,98,6.98,overcast clouds
626,Termez,UZ,37.2242,67.2783,82.49,30,0,2.3,clear sky
627,Bhachāu,IN,23.2833,70.35,84.24,65,97,16.04,overcast clouds
628,Yumen,CN,40.2833,97.2,86.49,11,94,16.87,overcast clouds
629,Port Moresby,PG,-9.4431,147.1797,81.82,69,75,17.27,broken clouds
630,Arroyo de la Encomienda,ES,41.6096,-4.7969,62.15,69,0,5.75,clear sky
631,Eureka,US,40.8021,-124.1637,57.2,77,66,1.01,broken clouds
632,Livingston,GB,55.9029,-3.5226,58.37,78,20,2.3,few clouds
633,Kargat,RU,55.1956,80.2811,67.26,72,90,5.08,overcast clouds
634,Grøa,NO,62.65,8.7167,51.89,83,91,5.32,overcast clouds
635,Panabá,MX,21.2833,-88.2667,78.64,78,0,8.59,clear sky
636,Nago,JP,26.5881,127.9761,84.36,90,100,16.75,overcast clouds
637,Alma,CA,48.5501,-71.6491,63.45,84,0,4.7,clear sky
638,Fort Nelson,CA,58.8053,-122.7002,63.99,82,75,3.44,broken clouds
639,Kushima,JP,31.4583,131.2333,89.11,61,32,11.34,scattered clouds
640,Iberia,US,29.9502,-91.7507,77.05,78,72,7.02,broken clouds
641,Banjar,ID,-8.19,114.9675,84.06,62,40,4.32,scattered clouds
642,Vanderhoof,CA,54.0166,-124.0198,73.38,47,84,2.24,broken clouds
643,Puerto Madryn,AR,-42.7692,-65.0385,59.99,39,13,24.83,few clouds
644,Maragogi,BR,-9.0122,-35.2225,71.47,91,65,8.72,light rain
645,Sarh,TD,9.1429,18.3923,76.91,88,20,0.0,thunderstorm
646,Arlit,NE,18.7369,7.3853,87.3,42,23,9.86,few clouds
647,Taytayan,PH,7.7339,126.5019,87.04,69,82,8.12,broken clouds
648,Chara,RU,56.9064,118.2631,69.94,53,85,2.68,overcast clouds
649,Loja,EC,-3.9931,-79.2042,48.25,93,2,6.13,clear sky
650,Bahía Solano,CO,6.2262,-77.4044,78.75,85,100,1.95,overcast clouds
651,Guangyuan,CN,32.442,105.823,82.17,62,99,6.31,overcast clouds
652,Murray Bridge,AU,-35.1167,139.2667,59.68,61,59,13.67,broken clouds
653,Guiyang,CN,26.5833,106.7167,84.69,48,20,8.95,few clouds
654,Flinders,AU,-34.5833,150.8552,67.21,48,33,9.06,scattered clouds
655,Diamantino,BR,-14.4086,-56.4461,69.22,43,59,3.4,broken clouds
656,Oyama,JP,36.3,139.8,97.83,40,0,4.41,clear sky
657,Mońki,PL,53.405,22.7979,54.68,96,50,3.58,scattered clouds
658,Peruíbe,BR,-24.32,-46.9983,58.95,96,89,3.67,overcast clouds
659,Calama,CL,-22.4667,-68.9333,46.89,34,0,11.5,clear sky
660,Guymon,US,36.6828,-101.4816,68.92,46,100,7.74,overcast clouds
661,Arrondissement de Saint-Denis,FR,48.9167,2.3333,63.1,86,90,1.14,overcast clouds
662,Bara,NG,10.3744,10.7288,73.89,88,98,8.77,light rain
663,Darhan,MN,49.4867,105.9228,75.31,51,2,7.58,clear sky
